trial_name                        ,trial                ,cloud_flag ,T_cloud ,cloud_radius           ,cloud_pos ,box_size               ,grid_dim ,grid_vol ,grid_mesh ,T_floor ,T_cold  ,T_ceil      ,cooling_flag ,T_hot     ,rho_hot  ,mach ,T_cut     ,chi    ,P_hot                 ,v_turb               ,t_eddy                      ,cs_hot              ,T_mix              ,T_warm             ,dedt                   ,t_corr                      ,dt_drive               ,t_cc                       ,t_maxc                     ,time_start                 ,time_end                    ,dt_hdf5                ,time_cloud                 ,box_scale ,turb_cons_hdf_path                                                        ,pfloor
240606_0.6_5                      ,240606_das23         ,True       ,40000.0 ,0.0001                 ,        0 ,0.002                  ,     128 , 2097152 ,       32 ,40000.0 ,40000.0 ,100000000.0 ,True         ,4000000.0 ,   0.1   , 0.6 ,1000000.0 , 100.0 ,8.438675409534824e-14 ,0.1865317171670572   ,     0.010722037144003809   ,0.31088619527842865 ,400000.0           ,400000.0           ,1.2980399542357212e-09 ,     0.010722037144003809   ,1.0722037144003808e-05 ,     0.0053610185720019046 ,     0.010722037144003809  ,     0.1072203714400381    ,      0.2144407428800762    ,0.001072203714400381   ,     0.1072203714400381    ,          ,                                                                          ,
240607_0.6_271                    ,240607_0.6_271       ,True       ,40000.0 ,0.005                  ,        0 ,0.1                    ,     128 , 2097152 ,       32 ,40000.0 ,40000.0 ,100000000.0 ,True         ,4000000.0 ,   0.1   , 0.6 ,1000000.0 , 100.0 ,8.438675409534824e-14 ,0.1865317171670572   ,     0.5361018572001904     ,0.31088619527842865 ,400000.0           ,400000.0           ,3.2450998855893037e-06 ,     0.5361018572001904     ,0.0005361018572001905  ,     0.2680509286000952    ,     0.5361018572001904    ,     5.361018572001904     ,     10.722037144003808     ,0.05361018572001904    ,     5.361018572001904     ,          ,                                                                          ,
240610_0.6_2032                   ,240610_0.6_2032      ,True       , 8000.0 ,0.005                  ,        0 ,0.1                    ,     128 , 2097152 ,       32 , 8000.0 , 8000.0 ,100000000.0 ,True         ,4000000.0 ,   0.1   , 0.6 ,1000000.0 , 500.0 ,8.438675409534824e-14 ,0.1865317171670572   ,     0.5361018572001904     ,0.31088619527842865 ,178885.43819998318 ,178885.43819998318 ,3.2450998855893037e-06 ,     0.5361018572001904     ,0.0005361018572001905  ,     0.5993800977817555    ,     0.5993800977817555    ,     5.993800977817555     ,     11.98760195563511      ,0.05993800977817555    ,     5.993800977817555     ,          ,                                                                          ,
240610_0.6_8                      ,240610_0.6_8         ,True       , 8000.0 ,2e-05                  ,        0 ,0.0004                 ,     128 , 2097152 ,       32 , 8000.0 , 8000.0 ,100000000.0 ,True         ,4000000.0 ,   0.1   , 0.6 ,1000000.0 , 500.0 ,8.438675409534824e-14 ,0.1865317171670572   ,     0.002144407428800762   ,0.31088619527842865 ,178885.43819998318 ,178885.43819998318 ,5.192159816942885e-11  ,     0.002144407428800762   ,2.144407428800762e-06  ,     0.002397520391127022  ,     0.002397520391127022  ,     0.02397520391127022   ,      0.04795040782254044   ,0.0002397520391127022  ,     0.02397520391127022   ,          ,                                                                          ,
240612_0.3_3                      ,240612_0.3_3         ,True       , 8000.0 ,8e-06                  ,        0 ,0.00015999999999999999 ,     128 , 2097152 ,       32 , 8000.0 ,16000.0 ,100000000.0 ,True         ,4000000.0 ,   0.1   , 0.3 ,1000000.0 , 500.0 ,8.438675409534824e-14 ,0.0932658585835286   ,     0.0017155259430406092  ,0.31088619527842865 ,178885.43819998318 ,178885.43819998318 ,1.0384319633885767e-12 ,     0.0017155259430406092  ,1.7155259430406092e-06 ,     0.0019180163129016174 ,     0.0019180163129016174 ,     0.019180163129016173  ,      0.038360326258032346  ,0.00019180163129016174 ,     0.019180163129016173  ,          ,/freya/ptmp/mpa/wuze/data/240612_0.3_40/turb/Turb.cons.00100.athdf        ,
240612_0.3_40                     ,240612_0.3_40        ,True       , 8000.0 ,0.0001                 ,        0 ,0.002                  ,     128 , 2097152 ,       32 , 8000.0 ,16000.0 ,100000000.0 ,True         ,4000000.0 ,   0.1   , 0.3 ,1000000.0 , 500.0 ,8.438675409534824e-14 ,0.0932658585835286   ,     0.021444074288007618   ,0.31088619527842865 ,178885.43819998318 ,178885.43819998318 ,1.6225499427946515e-10 ,     0.021444074288007618   ,2.1444074288007617e-05 ,     0.02397520391127022   ,     0.02397520391127022   ,     0.2397520391127022    ,      0.4795040782254044    ,0.002397520391127022   ,     0.2397520391127022    ,          ,../turb/Turb.cons.00100.athdf                                             ,
240612_0.3_400                    ,240612_0.3_400       ,True       , 8000.0 ,0.001                  ,        0 ,0.02                   ,     128 , 2097152 ,       32 , 8000.0 ,16000.0 ,100000000.0 ,True         ,4000000.0 ,   0.1   , 0.3 ,1000000.0 , 500.0 ,8.438675409534824e-14 ,0.0932658585835286   ,     0.21444074288007617    ,0.31088619527842865 ,178885.43819998318 ,178885.43819998318 ,1.6225499427946517e-08 ,     0.21444074288007617    ,0.00021444074288007618 ,     0.23975203911270218   ,     0.23975203911270218   ,     2.397520391127022     ,      4.795040782254044     ,0.02397520391127022    ,     2.397520391127022     ,          ,/freya/ptmp/mpa/wuze/data/cloud_hdfs/mach_0.3.athdf                       ,
240612_0.5_100                    ,240612_0.5_100       ,True       , 8000.0 ,0.00025                ,        0 ,0.005                  ,     128 , 2097152 ,       32 , 8000.0 ,16000.0 ,100000000.0 ,True         ,4000000.0 ,   0.1   , 0.5 ,1000000.0 , 500.0 ,8.438675409534824e-14 ,0.15544309763921432  ,     0.032166111432011424   ,0.31088619527842865 ,178885.43819998318 ,178885.43819998318 ,4.694878306697488e-09  ,     0.032166111432011424   ,3.216611143201142e-05  ,     0.035962805866905326  ,     0.035962805866905326  ,     0.35962805866905323   ,      0.7192561173381065    ,0.0035962805866905324  ,     0.35962805866905323   ,          ,                                                                          ,
240612_0.5_1000                   ,240612_0.5_1000      ,True       , 8000.0 ,0.0025                 ,        0 ,0.05                   ,     128 , 2097152 ,       32 , 8000.0 ,16000.0 ,100000000.0 ,True         ,4000000.0 ,   0.1   , 0.5 ,1000000.0 , 500.0 ,8.438675409534824e-14 ,0.15544309763921432  ,     0.3216611143201143     ,0.31088619527842865 ,178885.43819998318 ,178885.43819998318 ,4.6948783066974887e-07 ,     0.3216611143201143     ,0.0003216611143201143  ,     0.3596280586690533    ,     0.3596280586690533    ,     3.5962805866905327    ,      7.1925611733810655    ,0.035962805866905326   ,     3.5962805866905327    ,          ,/freya/ptmp/mpa/wuze/data/cloud_hdfs/mach_0.3.athdf                       ,
240612_0.5_4                      ,240612_0.5_4         ,True       , 8000.0 ,1e-05                  ,        0 ,0.0002                 ,     128 , 2097152 ,       32 , 8000.0 ,16000.0 ,100000000.0 ,True         ,4000000.0 ,   0.1   , 0.5 ,1000000.0 , 500.0 ,8.438675409534824e-14 ,0.15544309763921432  ,     0.001286644457280457   ,0.31088619527842865 ,178885.43819998318 ,178885.43819998318 ,7.51180529071598e-12   ,     0.001286644457280457   ,1.286644457280457e-06  ,     0.0014385122346762132 ,     0.0014385122346762132 ,     0.014385122346762133  ,      0.028770244693524266  ,0.00014385122346762132 ,     0.014385122346762133  ,          ,                                                                          ,
240612_0.6_120                    ,240612_0.6_120       ,True       , 8000.0 ,0.0003                 ,        0 ,0.005999999999999999   ,     128 , 2097152 ,       32 , 8000.0 ,16000.0 ,100000000.0 ,True         ,4000000.0 ,   0.1   , 0.6 ,1000000.0 , 500.0 ,8.438675409534824e-14 ,0.1865317171670572   ,     0.032166111432011424   ,0.31088619527842865 ,178885.43819998318 ,178885.43819998318 ,1.1682359588121488e-08 ,     0.032166111432011424   ,3.216611143201142e-05  ,     0.035962805866905326  ,     0.035962805866905326  ,     0.35962805866905323   ,      0.7192561173381065    ,0.0035962805866905324  ,     0.35962805866905323   ,          ,                                                                          ,
240612_0.8_12                     ,240612_0.8_12        ,True       , 8000.0 ,5e-05                  ,        0 ,0.001                  ,     128 , 2097152 ,       32 , 8000.0 ,16000.0 ,100000000.0 ,True         ,4000000.0 ,   0.1   , 0.8 ,1000000.0 , 500.0 ,8.438675409534824e-14 ,0.24870895622274292  ,     0.004020763929001428   ,0.31088619527842865 ,178885.43819998318 ,178885.43819998318 ,7.692088617693165e-10  ,     0.004020763929001428   ,4.020763929001428e-06  ,     0.004495350733363166  ,     0.004495350733363166  ,     0.044953507333631654  ,      0.08990701466726331   ,0.00044953507333631655 ,     0.044953507333631654  ,          ,/freya/ptmp/mpa/wuze/data/240612_0.8_120/turb/Turb.cons.00100.athdf       ,
240612_0.8_120                    ,240612_0.8_120       ,True       , 8000.0 ,0.0005                 ,        0 ,0.01                   ,     128 , 2097152 ,       32 , 8000.0 ,16000.0 ,100000000.0 ,True         ,4000000.0 ,   0.1   , 0.8 ,1000000.0 , 500.0 ,8.438675409534824e-14 ,0.24870895622274292  ,     0.04020763929001428    ,0.31088619527842865 ,178885.43819998318 ,178885.43819998318 ,7.692088617693166e-08  ,     0.04020763929001428    ,4.020763929001428e-05  ,     0.04495350733363166   ,     0.04495350733363166   ,     0.4495350733363166    ,      0.8990701466726332    ,0.004495350733363166   ,     0.4495350733363166    ,          ,../turb/Turb.cons.00100.athdf                                             ,
240612_0.8_1200                   ,240612_0.8_1200      ,True       , 8000.0 ,0.005                  ,        0 ,0.1                    ,     128 , 2097152 ,       32 , 8000.0 ,16000.0 ,100000000.0 ,True         ,4000000.0 ,   0.1   , 0.8 ,1000000.0 , 500.0 ,8.438675409534824e-14 ,0.24870895622274292  ,     0.40207639290014285    ,0.31088619527842865 ,178885.43819998318 ,178885.43819998318 ,7.692088617693167e-06  ,     0.40207639290014285    ,0.00040207639290014283 ,     0.4495350733363166    ,     0.4495350733363166    ,     4.495350733363166     ,      8.990701466726332     ,0.04495350733363166    ,     4.495350733363166     ,          ,/freya/ptmp/mpa/wuze/data/cloud_hdfs/mach_0.3.athdf                       ,
240613_0.1_10                     ,240613_0.1_10        ,True       , 8000.0 ,0.004                  ,        0 ,0.08                   ,     128 , 2097152 ,       32 , 8000.0 ,16000.0 ,100000000.0 ,True         ,4000000.0 ,   0.001 , 0.1 ,1000000.0 , 500.0 ,8.438675409534824e-16 ,0.031088619527842865 ,     2.573288914560914      ,0.31088619527842865 ,178885.43819998318 ,178885.43819998318 ,9.615110772116458e-11  ,     2.573288914560914      ,0.002573288914560914   ,     2.8770244693524263    ,     2.8770244693524263    ,    28.770244693524262     ,     57.540489387048524     ,0.2877024469352426     ,    28.770244693524262     ,     20.0 ,/freya/ptmp/mpa/wuze/data/cloud_hdfs/mach_0.1.athdf                       ,
240618_0.3_400                    ,240618_0.3_400       ,True       , 8000.0 ,0.001                  ,        0 ,0.02                   ,     128 , 2097152 ,       32 , 8000.0 ,16000.0 ,100000000.0 ,True         ,4000000.0 ,   0.1   , 0.3 ,1000000.0 , 500.0 ,8.438675409534824e-14 ,0.0932658585835286   ,     0.21444074288007617    ,0.31088619527842865 ,178885.43819998318 ,178885.43819998318 ,1.6225499427946517e-08 ,     0.21444074288007617    ,0.00021444074288007618 ,     0.23975203911270218   ,     0.23975203911270218   ,     2.397520391127022     ,      4.795040782254044     ,0.02397520391127022    ,     2.397520391127022     ,          ,/freya/ptmp/mpa/wuze/data/cloud_hdfs/mach_0.3.athdf                       ,
240618_0.3_4000                   ,240618_0.3_4000      ,True       , 8000.0 ,0.01                   ,        0 ,0.2                    ,     128 , 2097152 ,       32 , 8000.0 ,16000.0 ,100000000.0 ,True         ,4000000.0 ,   0.1   , 0.3 ,1000000.0 , 500.0 ,8.438675409534824e-14 ,0.0932658585835286   ,     2.1444074288007617     ,0.31088619527842865 ,178885.43819998318 ,178885.43819998318 ,1.6225499427946518e-06 ,     2.1444074288007617     ,0.002144407428800762   ,     2.397520391127022     ,     2.397520391127022     ,    23.97520391127022      ,     47.95040782254044      ,0.2397520391127022     ,    23.97520391127022      ,          ,/freya/ptmp/mpa/wuze/data/cloud_hdfs/mach_0.3.athdf                       ,
240618_0.5_1000                   ,240618_0.5_1000      ,True       , 8000.0 ,0.0025                 ,        0 ,0.05                   ,     128 , 2097152 ,       32 , 8000.0 ,16000.0 ,100000000.0 ,True         ,4000000.0 ,   0.1   , 0.5 ,1000000.0 , 500.0 ,8.438675409534824e-14 ,0.15544309763921432  ,     0.3216611143201143     ,0.31088619527842865 ,178885.43819998318 ,178885.43819998318 ,4.6948783066974887e-07 ,     0.3216611143201143     ,0.0003216611143201143  ,     0.3596280586690533    ,     0.3596280586690533    ,     3.5962805866905327    ,      7.1925611733810655    ,0.035962805866905326   ,     3.5962805866905327    ,          ,/freya/ptmp/mpa/wuze/data/cloud_hdfs/mach_0.5.athdf                       ,
240618_0.5_10000                  ,240618_0.5_10000     ,True       , 8000.0 ,0.025                  ,        0 ,0.5                    ,     128 , 2097152 ,       32 , 8000.0 ,16000.0 ,100000000.0 ,True         ,4000000.0 ,   0.1   , 0.5 ,1000000.0 , 500.0 ,8.438675409534824e-14 ,0.15544309763921432  ,     3.2166111432011424     ,0.31088619527842865 ,178885.43819998318 ,178885.43819998318 ,4.6948783066974875e-05 ,     3.2166111432011424     ,0.003216611143201142   ,     3.5962805866905327    ,     3.5962805866905327    ,    35.96280586690533      ,     71.92561173381065      ,0.3596280586690533     ,    35.96280586690533      ,          ,/freya/ptmp/mpa/wuze/data/cloud_hdfs/mach_0.5.athdf                       ,
240618_0.6_20320                  ,240618_0.6_20320     ,True       , 8000.0 ,0.05                   ,        0 ,1.0                    ,     128 , 2097152 ,       32 , 8000.0 , 8000.0 ,100000000.0 ,True         ,4000000.0 ,   0.1   , 0.6 ,1000000.0 , 500.0 ,8.438675409534824e-14 ,0.1865317171670572   ,     5.361018572001904      ,0.31088619527842865 ,178885.43819998318 ,178885.43819998318 ,0.0003245099885589303  ,     5.361018572001904      ,0.0053610185720019046  ,     5.993800977817554     ,     5.993800977817554     ,    59.93800977817554      ,    119.87601955635108      ,0.5993800977817554     ,    59.93800977817554      ,          ,/freya/ptmp/mpa/wuze/data/cloud_hdfs/mach_0.6.athdf                       ,
240618_0.8_1200                   ,240618_0.8_1200      ,True       , 8000.0 ,0.005                  ,        0 ,0.1                    ,     128 , 2097152 ,       32 , 8000.0 ,16000.0 ,100000000.0 ,True         ,4000000.0 ,   0.1   , 0.8 ,1000000.0 , 500.0 ,8.438675409534824e-14 ,0.24870895622274292  ,     0.40207639290014285    ,0.31088619527842865 ,178885.43819998318 ,178885.43819998318 ,7.692088617693167e-06  ,     0.40207639290014285    ,0.00040207639290014283 ,     0.4495350733363166    ,     0.4495350733363166    ,     4.495350733363166     ,      8.990701466726332     ,0.04495350733363166    ,     4.495350733363166     ,          ,/freya/ptmp/mpa/wuze/data/cloud_hdfs/mach_0.8.athdf                       ,
240618_0.8_12000                  ,240618_0.8_12000     ,True       , 8000.0 ,0.05                   ,        0 ,1.0                    ,     128 , 2097152 ,       32 , 8000.0 ,16000.0 ,100000000.0 ,True         ,4000000.0 ,   0.1   , 0.8 ,1000000.0 , 500.0 ,8.438675409534824e-14 ,0.24870895622274292  ,     4.020763929001428      ,0.31088619527842865 ,178885.43819998318 ,178885.43819998318 ,0.0007692088617693166  ,     4.020763929001428      ,0.004020763929001428   ,     4.495350733363166     ,     4.495350733363166     ,    44.95350733363166      ,     89.90701466726333      ,0.44953507333631665    ,    44.95350733363166      ,          ,/freya/ptmp/mpa/wuze/data/cloud_hdfs/mach_0.8.athdf                       ,
240620_0.3_160                    ,240620_0.3_160       ,True       ,  800.0 ,0.0004                 ,        0 ,0.008                  ,     128 , 2097152 ,       32 ,  800.0 , 1600.0 ,100000000.0 ,True         ,4000000.0 ,   0.1   , 0.3 ,1000000.0 ,5000.0 ,8.438675409534824e-14 ,0.0932658585835286   ,     0.08577629715203047    ,0.31088619527842865 , 56568.5424949238  , 56568.5424949238  ,2.5960799084714424e-09 ,     0.08577629715203047    ,8.577629715203047e-05  ,     0.3032650069063655    ,     0.3032650069063655    ,     3.0326500690636546    ,      6.065300138127309     ,0.030326500690636547   ,     3.0326500690636546    ,     20.0 ,/freya/ptmp/mpa/wuze/data/cloud_hdfs/mach_0.3.athdf                       ,
240620_0.3_4                      ,240620_0.3_4         ,True       ,  800.0 ,1e-05                  ,        0 ,0.0002                 ,     128 , 2097152 ,       32 ,  800.0 , 1600.0 ,100000000.0 ,True         ,4000000.0 ,   0.1   , 0.3 ,1000000.0 ,5000.0 ,8.438675409534824e-14 ,0.0932658585835286   ,     0.002144407428800762   ,0.31088619527842865 , 56568.5424949238  , 56568.5424949238  ,1.6225499427946516e-12 ,     0.002144407428800762   ,2.144407428800762e-06  ,     0.007581625172659137  ,     0.007581625172659137  ,     0.07581625172659137   ,      0.15163250345318274   ,0.0007581625172659137  ,     0.07581625172659137   ,     20.0 ,/freya/ptmp/mpa/wuze/data/cloud_hdfs/mach_0.3.athdf                       ,
240620_0.3_800                    ,240620_0.3_800       ,True       ,  800.0 ,0.002                  ,        0 ,0.04                   ,     128 , 2097152 ,       32 ,  800.0 , 1600.0 ,100000000.0 ,True         ,4000000.0 ,   0.1   , 0.3 ,1000000.0 ,5000.0 ,8.438675409534824e-14 ,0.0932658585835286   ,     0.42888148576015234    ,0.31088619527842865 , 56568.5424949238  , 56568.5424949238  ,6.490199771178607e-08  ,     0.42888148576015234    ,0.00042888148576015236 ,     1.516325034531827     ,     1.516325034531827     ,    15.163250345318271     ,     30.326500690636543     ,0.15163250345318272    ,    15.163250345318271     ,     20.0 ,/freya/ptmp/mpa/wuze/data/cloud_hdfs/mach_0.3.athdf                       ,
240620_0.5_16                     ,240620_0.5_16        ,True       ,  800.0 ,4e-05                  ,        0 ,0.0008                 ,     128 , 2097152 ,       32 ,  800.0 , 1600.0 ,100000000.0 ,True         ,4000000.0 ,   0.1   , 0.5 ,1000000.0 ,5000.0 ,8.438675409534824e-14 ,0.15544309763921432  ,     0.005146577829121828   ,0.31088619527842865 , 56568.5424949238  , 56568.5424949238  ,1.2018888465145568e-10 ,     0.005146577829121828   ,5.146577829121828e-06  ,     0.01819590041438193   ,     0.01819590041438193   ,     0.1819590041438193    ,      0.3639180082876386    ,0.001819590041438193   ,     0.1819590041438193    ,     20.0 ,/freya/ptmp/mpa/wuze/data/cloud_hdfs/mach_0.5.athdf                       ,
240620_0.5_160                    ,240620_0.5_160       ,True       ,  800.0 ,0.0004                 ,        0 ,0.008                  ,     128 , 2097152 ,       32 ,  800.0 , 1600.0 ,100000000.0 ,True         ,4000000.0 ,   0.1   , 0.5 ,1000000.0 ,5000.0 ,8.438675409534824e-14 ,0.15544309763921432  ,     0.05146577829121828    ,0.31088619527842865 , 56568.5424949238  , 56568.5424949238  ,1.2018888465145568e-08 ,     0.05146577829121828    ,5.146577829121828e-05  ,     0.1819590041438193    ,     0.1819590041438193    ,     1.819590041438193     ,      3.639180082876386     ,0.01819590041438193    ,     1.819590041438193     ,     20.0 ,/freya/ptmp/mpa/wuze/data/cloud_hdfs/mach_0.5.athdf                       ,
240620_0.5_800                    ,240620_0.5_800       ,True       ,  800.0 ,0.002                  ,        0 ,0.04                   ,     128 , 2097152 ,       32 ,  800.0 , 1600.0 ,100000000.0 ,True         ,4000000.0 ,   0.1   , 0.5 ,1000000.0 ,5000.0 ,8.438675409534824e-14 ,0.15544309763921432  ,     0.2573288914560914     ,0.31088619527842865 , 56568.5424949238  , 56568.5424949238  ,3.0047221162863923e-07 ,     0.2573288914560914     ,0.00025732889145609137 ,     0.9097950207190963    ,     0.9097950207190963    ,     9.097950207190964     ,     18.195900414381928     ,0.09097950207190963    ,     9.097950207190964     ,     20.0 ,/freya/ptmp/mpa/wuze/data/cloud_hdfs/mach_0.5.athdf                       ,
240620_0.6_1600                   ,240620_0.6_1600      ,True       ,  800.0 ,0.004                  ,        0 ,0.08                   ,     128 , 2097152 ,       32 ,  800.0 , 1600.0 ,100000000.0 ,True         ,4000000.0 ,   0.1   , 0.6 ,1000000.0 ,5000.0 ,8.438675409534824e-14 ,0.1865317171670572   ,     0.42888148576015234    ,0.31088619527842865 , 56568.5424949238  , 56568.5424949238  ,2.076863926777154e-06  ,     0.42888148576015234    ,0.00042888148576015236 ,     1.516325034531827     ,     1.516325034531827     ,    15.163250345318271     ,     30.326500690636543     ,0.15163250345318272    ,    15.163250345318271     ,     20.0 ,/freya/ptmp/mpa/wuze/data/240620_0.6_320/turb/Turb.cons.00100.athdf       ,
240620_0.6_32                     ,240620_0.6_32        ,True       ,  800.0 ,8e-05                  ,        0 ,0.0016                 ,     128 , 2097152 ,       32 ,  800.0 , 1600.0 ,100000000.0 ,True         ,4000000.0 ,   0.1   , 0.6 ,1000000.0 ,5000.0 ,8.438675409534824e-14 ,0.1865317171670572   ,     0.008577629715203048   ,0.31088619527842865 , 56568.5424949238  , 56568.5424949238  ,8.307455707108616e-10  ,     0.008577629715203048   ,8.577629715203048e-06  ,     0.030326500690636547  ,     0.030326500690636547  ,     0.3032650069063655    ,      0.606530013812731     ,0.003032650069063655   ,     0.3032650069063655    ,     20.0 ,/freya/ptmp/mpa/wuze/data/cloud_hdfs/mach_0.6.athdf                       ,
240620_0.6_320                    ,240620_0.6_320       ,True       ,  800.0 ,0.0008                 ,        0 ,0.016                  ,     128 , 2097152 ,       32 ,  800.0 , 1600.0 ,100000000.0 ,True         ,4000000.0 ,   0.1   , 0.6 ,1000000.0 ,5000.0 ,8.438675409534824e-14 ,0.1865317171670572   ,     0.08577629715203047    ,0.31088619527842865 , 56568.5424949238  , 56568.5424949238  ,8.307455707108616e-08  ,     0.08577629715203047    ,8.577629715203047e-05  ,     0.3032650069063655    ,     0.3032650069063655    ,     3.0326500690636546    ,      6.065300138127309     ,0.030326500690636547   ,     3.0326500690636546    ,     20.0 ,../turb/Turb.cons.00100.athdf                                             ,
240620_0.8_1600                   ,240620_0.8_1600      ,True       ,  800.0 ,0.004                  ,        0 ,0.08                   ,     128 , 2097152 ,       32 ,  800.0 , 1600.0 ,100000000.0 ,True         ,4000000.0 ,   0.1   , 0.8 ,1000000.0 ,5000.0 ,8.438675409534824e-14 ,0.24870895622274292  ,     0.32166111432011424    ,0.31088619527842865 , 56568.5424949238  , 56568.5424949238  ,4.922936715323626e-06  ,     0.32166111432011424    ,0.00032166111432011424 ,     1.1372437758988703    ,     1.1372437758988703    ,    11.372437758988703     ,     22.744875517977405     ,0.11372437758988703    ,    11.372437758988703     ,     20.0 ,/freya/ptmp/mpa/wuze/data/240620_0.6_320/turb/Turb.cons.00100.athdf       ,
240620_0.8_32                     ,240620_0.8_32        ,True       ,  800.0 ,8e-05                  ,        0 ,0.0016                 ,     128 , 2097152 ,       32 ,  800.0 , 1600.0 ,100000000.0 ,True         ,4000000.0 ,   0.1   , 0.8 ,1000000.0 ,5000.0 ,8.438675409534824e-14 ,0.24870895622274292  ,     0.006433222286402285   ,0.31088619527842865 , 56568.5424949238  , 56568.5424949238  ,1.9691746861294504e-09 ,     0.006433222286402285   ,6.433222286402285e-06  ,     0.022744875517977412  ,     0.022744875517977412  ,     0.22744875517977411   ,      0.45489751035954823   ,0.002274487551797741   ,     0.22744875517977411   ,     20.0 ,/freya/ptmp/mpa/wuze/data/cloud_hdfs/mach_0.8.athdf                       ,
240620_0.8_320                    ,240620_0.8_320       ,True       ,  800.0 ,0.0008                 ,        0 ,0.016                  ,     128 , 2097152 ,       32 ,  800.0 , 1600.0 ,100000000.0 ,True         ,4000000.0 ,   0.1   , 0.8 ,1000000.0 ,5000.0 ,8.438675409534824e-14 ,0.24870895622274292  ,     0.06433222286402285    ,0.31088619527842865 , 56568.5424949238  , 56568.5424949238  ,1.9691746861294504e-07 ,     0.06433222286402285    ,6.433222286402284e-05  ,     0.22744875517977411   ,     0.22744875517977411   ,     2.274487551797741     ,      4.548975103595482     ,0.02274487551797741    ,     2.274487551797741     ,     20.0 ,/freya/ptmp/mpa/wuze/data/cloud_hdfs/mach_0.8.athdf                       ,
240626_0.3_8000                   ,240626_0.3_8000      ,True       ,  800.0 ,0.02                   ,        0 ,0.4                    ,     128 , 2097152 ,       16 ,  800.0 , 1600.0 ,100000000.0 ,True         ,4000000.0 ,   0.1   , 0.3 ,1000000.0 ,5000.0 ,8.438675409534824e-14 ,0.0932658585835286   ,     4.2888148576015235     ,0.31088619527842865 , 56568.5424949238  , 56568.5424949238  ,6.490199771178607e-06  ,     4.2888148576015235     ,0.004288814857601524   ,    15.163250345318273     ,    15.163250345318273     ,    21.444074288007617     ,     97.26032601459897      ,0.21444074288007617    ,    21.444074288007617     ,     20.0 ,../turb/Turb.cons.00100.athdf                                             ,
240626_0.3_80000                  ,240626_0.3_80000     ,True       ,  800.0 ,0.2                    ,        0 ,4.0                    ,     128 , 2097152 ,       16 ,  800.0 , 1600.0 ,100000000.0 ,True         ,4000000.0 ,   0.1   , 0.3 ,1000000.0 ,5000.0 ,8.438675409534824e-14 ,0.0932658585835286   ,    42.88814857601523       ,0.31088619527842865 , 56568.5424949238  , 56568.5424949238  ,0.0006490199771178606  ,    42.88814857601523       ,0.042888148576015236   ,   151.63250345318272      ,   151.63250345318272      ,   214.44074288007616      ,    972.6032601459898       ,2.1444074288007617     ,   214.44074288007616      ,     20.0 ,/freya/ptmp/mpa/wuze/data/240626_0.3_8000/turb/Turb.cons.00100.athdf      ,
240626_0.5_8000                   ,240626_0.5_8000      ,True       ,  800.0 ,0.02                   ,        0 ,0.4                    ,     128 , 2097152 ,       16 ,  800.0 , 1600.0 ,100000000.0 ,True         ,4000000.0 ,   0.1   , 0.5 ,1000000.0 ,5000.0 ,8.438675409534824e-14 ,0.15544309763921432  ,     2.5732889145609144     ,0.31088619527842865 , 56568.5424949238  , 56568.5424949238  ,3.0047221162863927e-05 ,     2.5732889145609144     ,0.0025732889145609144  ,     9.097950207190964     ,     9.097950207190964     ,    12.866444572804571     ,     58.35619560875939      ,0.12866444572804572    ,    12.866444572804571     ,     20.0 ,../turb/Turb.cons.00100.athdf                                             ,
240626_0.5_80000                  ,240626_0.5_80000     ,True       ,  800.0 ,0.2                    ,        0 ,4.0                    ,     128 , 2097152 ,       16 ,  800.0 , 1600.0 ,100000000.0 ,True         ,4000000.0 ,   0.1   , 0.5 ,1000000.0 ,5000.0 ,8.438675409534824e-14 ,0.15544309763921432  ,    25.73288914560914       ,0.31088619527842865 , 56568.5424949238  , 56568.5424949238  ,0.003004722116286392   ,    25.73288914560914       ,0.025732889145609138   ,    90.97950207190964      ,    90.97950207190964      ,   128.6644457280457       ,    583.5619560875939       ,1.286644457280457      ,   128.6644457280457       ,     20.0 ,/freya/ptmp/mpa/wuze/data/240626_0.5_8000/turb/Turb.cons.00100.athdf      ,
240626_0.6_16000                  ,240626_0.6_16000     ,True       ,  800.0 ,0.04                   ,        0 ,0.8                    ,     128 , 2097152 ,       16 ,  800.0 , 1600.0 ,100000000.0 ,True         ,4000000.0 ,   0.1   , 0.6 ,1000000.0 ,5000.0 ,8.438675409534824e-14 ,0.1865317171670572   ,     4.2888148576015235     ,0.31088619527842865 , 56568.5424949238  , 56568.5424949238  ,0.00020768639267771543 ,     4.2888148576015235     ,0.004288814857601524   ,    15.163250345318273     ,    15.163250345318273     ,    21.444074288007617     ,     97.26032601459897      ,0.21444074288007617    ,    21.444074288007617     ,     20.0 ,../turb/Turb.cons.00100.athdf                                             ,
240626_0.6_160000                 ,240626_0.6_160000    ,True       ,  800.0 ,0.4                    ,        0 ,8.0                    ,     128 , 2097152 ,       16 ,  800.0 , 1600.0 ,100000000.0 ,True         ,4000000.0 ,   0.1   , 0.6 ,1000000.0 ,5000.0 ,8.438675409534824e-14 ,0.1865317171670572   ,    42.88814857601523       ,0.31088619527842865 , 56568.5424949238  , 56568.5424949238  ,0.02076863926777154    ,    42.88814857601523       ,0.042888148576015236   ,   151.63250345318272      ,   151.63250345318272      ,   214.44074288007616      ,    972.6032601459898       ,2.1444074288007617     ,   214.44074288007616      ,     20.0 ,/freya/ptmp/mpa/wuze/data/240626_0.6_16000/turb/Turb.cons.00100.athdf     ,
240626_0.8_16000                  ,240626_0.8_16000     ,True       ,  800.0 ,0.04                   ,        0 ,0.8                    ,     128 , 2097152 ,       16 ,  800.0 , 1600.0 ,100000000.0 ,True         ,4000000.0 ,   0.1   , 0.8 ,1000000.0 ,5000.0 ,8.438675409534824e-14 ,0.24870895622274292  ,     3.216611143201143      ,0.31088619527842865 , 56568.5424949238  , 56568.5424949238  ,0.0004922936715323627  ,     3.216611143201143      ,0.0032166111432011426  ,    11.372437758988704     ,    11.372437758988704     ,    16.083055716005713     ,     72.94524451094924      ,0.16083055716005712    ,    16.083055716005713     ,     20.0 ,../turb/Turb.cons.00100.athdf                                             ,
240626_0.8_160000                 ,240626_0.8_160000    ,True       ,  800.0 ,0.4                    ,        0 ,8.0                    ,     128 , 2097152 ,       16 ,  800.0 , 1600.0 ,100000000.0 ,True         ,4000000.0 ,   0.1   , 0.8 ,1000000.0 ,5000.0 ,8.438675409534824e-14 ,0.24870895622274292  ,    32.16611143201143       ,0.31088619527842865 , 56568.5424949238  , 56568.5424949238  ,0.04922936715323626    ,    32.16611143201143       ,0.032166111432011424   ,   113.72437758988704      ,   113.72437758988704      ,   160.83055716005714      ,    729.4524451094924       ,1.6083055716005714     ,   160.83055716005714      ,     20.0 ,/freya/ptmp/mpa/wuze/data/240626_0.8_16000/turb/Turb.cons.00100.athdf     ,
240627_0.3_800000                 ,240627_0.3_800000    ,True       ,  800.0 ,2.0                    ,        0 ,40.0                   ,     128 , 2097152 ,       16 ,  800.0 , 1600.0 ,100000000.0 ,True         ,4000000.0 ,   0.1   , 0.3 ,1000000.0 ,5000.0 ,8.438675409534824e-14 ,0.0932658585835286   ,   428.8814857601523        ,0.31088619527842865 , 56568.5424949238  , 56568.5424949238  ,0.06490199771178605    ,   428.8814857601523        ,0.42888148576015234    ,  1516.3250345318272       ,  1516.3250345318272       ,  2144.4074288007614       ,   9726.032601459898        ,151.63250345318272     ,  1516.3250345318272       ,     20.0 ,/freya/ptmp/mpa/wuze/data/240626_0.3_8000/turb/Turb.cons.00100.athdf      ,
240628_0.6_1600000                ,240628_0.6_1600000   ,True       ,  800.0 ,4.0                    ,        0 ,80.0                   ,     128 , 2097152 ,       16 ,  800.0 , 1600.0 ,100000000.0 ,True         ,4000000.0 ,   0.1   , 0.6 ,1000000.0 ,5000.0 ,8.438675409534824e-14 ,0.1865317171670572   ,   428.8814857601523        ,0.31088619527842865 , 56568.5424949238  , 56568.5424949238  ,2.0768639267771536     ,   428.8814857601523        ,0.42888148576015234    ,  1516.3250345318272       ,  1516.3250345318272       ,  2144.4074288007614       ,   9726.032601459898        ,151.63250345318272     ,  1516.3250345318272       ,     20.0 ,/freya/ptmp/mpa/wuze/data/240626_0.6_16000/turb/Turb.cons.00100.athdf     ,
240628_0.6_16000000               ,240628_0.6_16000000  ,True       ,  800.0 ,40.0                   ,        0 ,800.0                  ,     128 , 2097152 ,       16 ,  800.0 , 1600.0 ,100000000.0 ,True         ,4000000.0 ,   0.1   , 0.6 ,1000000.0 ,5000.0 ,8.438675409534824e-14 ,0.1865317171670572   ,  4288.814857601524         ,0.31088619527842865 , 56568.5424949238  , 56568.5424949238  ,207.6863926777154      ,  4288.814857601524         ,4.2888148576015235     , 15163.250345318273        , 15163.250345318273        , 21444.074288007618        ,  97260.32601459898         ,1516.3250345318272     , 15163.250345318273        ,     20.0 ,/freya/ptmp/mpa/wuze/data/240626_0.6_16000/turb/Turb.cons.00100.athdf     ,
240628_0.6_160000000              ,240628_0.6_160000000 ,True       ,  800.0 ,400.0                  ,        0 ,8000.0                 ,     128 , 2097152 ,       16 ,  800.0 , 1600.0 ,100000000.0 ,True         ,4000000.0 ,   0.1   , 0.6 ,1000000.0 ,5000.0 ,8.438675409534824e-14 ,0.1865317171670572   , 42888.148576015235         ,0.31088619527842865 , 56568.5424949238  , 56568.5424949238  ,20768.639267771538     , 42888.148576015235         ,42.88814857601523      ,151632.50345318273         ,151632.50345318273         ,214440.74288007617         , 972603.2601459898          ,15163.250345318273     ,151632.50345318273         ,     20.0 ,/freya/ptmp/mpa/wuze/data/240626_0.6_16000/turb/Turb.cons.00100.athdf     ,
240702_0.6_1600                   ,240702_0.6_1600      ,True       ,  800.0 ,0.004                  ,        0 ,0.2                    ,     256 , 2097152 ,       32 ,  800.0 , 1600.0 ,100000000.0 ,True         ,4000000.0 ,   0.1   , 0.6 ,1000000.0 ,5000.0 ,8.438675409534824e-14 ,0.1865317171670572   ,     1.0722037144003809     ,0.31088619527842865 , 56568.5424949238  , 56568.5424949238  ,1.2980399542357215e-05 ,     1.0722037144003809     ,0.001072203714400381   ,     1.516325034531827     ,     1.516325034531827     ,     3.216611143201143     ,     10.79823631586028      ,0.15163250345318272    ,     3.216611143201143     ,     50.0 ,/freya/ptmp/mpa/wuze/data/240702_0.6_320/turb/Turb.cons.00030.athdf       ,5e-07
240702_0.6_16000                  ,240702_0.6_16000     ,True       ,  800.0 ,0.04                   ,        0 ,2.0                    ,     256 , 2097152 ,       32 ,  800.0 , 1600.0 ,100000000.0 ,True         ,4000000.0 ,   0.1   , 0.6 ,1000000.0 ,5000.0 ,8.438675409534824e-14 ,0.1865317171670572   ,    10.722037144003808      ,0.31088619527842865 , 56568.5424949238  , 56568.5424949238  ,0.0012980399542357212  ,    10.722037144003808      ,0.010722037144003809   ,    15.163250345318273     ,    15.163250345318273     ,    32.16611143201143      ,    107.9823631586028       ,1.5163250345318273     ,    32.16611143201143      ,     50.0 ,/freya/ptmp/mpa/wuze/data/240702_0.6_320/turb/Turb.cons.00030.athdf       ,5e-07
240702_0.6_1600000                ,240702_0.6_1600000   ,True       ,  800.0 ,4.0                    ,        0 ,200.0                  ,     256 , 2097152 ,       32 ,  800.0 , 1600.0 ,100000000.0 ,True         ,4000000.0 ,   0.1   , 0.6 ,1000000.0 ,5000.0 ,8.438675409534824e-14 ,0.1865317171670572   ,  1072.203714400381         ,0.31088619527842865 , 56568.5424949238  , 56568.5424949238  ,12.980399542357212     ,  1072.203714400381         ,1.0722037144003809     ,  1516.3250345318272       ,  1516.3250345318272       ,  3216.611143201143        ,  10798.236315860278        ,151.63250345318272     ,  3216.611143201143        ,     50.0 ,/freya/ptmp/mpa/wuze/data/240702_0.6_320/turb/Turb.cons.00030.athdf       ,5e-07
240702_0.6_160000000              ,240702_0.6_160000000 ,True       ,  800.0 ,400.0                  ,        0 ,20000.0                ,     256 , 2097152 ,       32 ,  800.0 , 1600.0 ,100000000.0 ,True         ,4000000.0 ,   0.1   , 0.6 ,1000000.0 ,5000.0 ,8.438675409534824e-14 ,0.1865317171670572   ,107220.37144003808          ,0.31088619527842865 , 56568.5424949238  , 56568.5424949238  ,129803.99542357211     ,107220.37144003808          ,107.22037144003808     ,151632.50345318273         ,151632.50345318273         ,321661.11432011425         ,1079823.6315860278          ,15163.250345318273     ,321661.11432011425         ,     50.0 ,/freya/ptmp/mpa/wuze/data/240702_0.6_320/turb/Turb.cons.00030.athdf       ,5e-07
240702_0.6_320                    ,240702_0.6_320       ,True       ,  800.0 ,0.0008                 ,        0 ,0.04                   ,     256 , 2097152 ,       32 ,  800.0 , 1600.0 ,100000000.0 ,True         ,4000000.0 ,   0.1   , 0.6 ,1000000.0 ,5000.0 ,8.438675409534824e-14 ,0.1865317171670572   ,     0.21444074288007617    ,0.31088619527842865 , 56568.5424949238  , 56568.5424949238  ,5.192159816942885e-07  ,     0.21444074288007617    ,0.00021444074288007618 ,     0.3032650069063655    ,     0.3032650069063655    ,     0.6433222286402285    ,      2.159647263172056     ,0.030326500690636547   ,     0.6433222286402285    ,     50.0 ,/freya/ptmp/mpa/wuze/data/240702_0.6_320/turb/Turb.cons.00030.athdf       ,5e-07
240708_0.6_1600                   ,240708_0.6_1600      ,True       ,  800.0 ,0.004                  ,        0 ,0.2                    ,     256 , 2097152 ,       32 ,  800.0 , 1600.0 ,100000000.0 ,True         ,4000000.0 ,   0.1   , 0.6 ,1000000.0 ,5000.0 ,8.438675409534824e-14 ,0.1865317171670572   ,     1.0722037144003809     ,0.31088619527842865 , 56568.5424949238  , 56568.5424949238  ,1.2980399542357215e-05 ,     1.0722037144003809     ,0.001072203714400381   ,     1.516325034531827     ,     1.516325034531827     ,     3.216611143201143     ,     10.79823631586028      ,0.15163250345318272    ,     3.216611143201143     ,     50.0 ,/freya/ptmp/mpa/wuze/data/240702_0.6_320/turb/Turb.cons.00030.athdf       ,1e-10
240708_0.6_16000                  ,240708_0.6_16000     ,True       ,  800.0 ,0.04                   ,        0 ,2.0                    ,     256 , 2097152 ,       32 ,  800.0 , 1600.0 ,100000000.0 ,True         ,4000000.0 ,   0.1   , 0.6 ,1000000.0 ,5000.0 ,8.438675409534824e-14 ,0.1865317171670572   ,    10.722037144003808      ,0.31088619527842865 , 56568.5424949238  , 56568.5424949238  ,0.0012980399542357212  ,    10.722037144003808      ,0.010722037144003809   ,    15.163250345318273     ,    15.163250345318273     ,    32.16611143201143      ,    107.9823631586028       ,1.5163250345318273     ,    32.16611143201143      ,     50.0 ,/freya/ptmp/mpa/wuze/data/240702_0.6_320/turb/Turb.cons.00030.athdf       ,1e-10
240708_0.6_1600000                ,240708_0.6_1600000   ,True       ,  800.0 ,4.0                    ,        0 ,200.0                  ,     256 , 2097152 ,       32 ,  800.0 , 1600.0 ,100000000.0 ,True         ,4000000.0 ,   0.1   , 0.6 ,1000000.0 ,5000.0 ,8.438675409534824e-14 ,0.1865317171670572   ,  1072.203714400381         ,0.31088619527842865 , 56568.5424949238  , 56568.5424949238  ,12.980399542357212     ,  1072.203714400381         ,1.0722037144003809     ,  1516.3250345318272       ,  1516.3250345318272       ,  3216.611143201143        ,  10798.236315860278        ,151.63250345318272     ,  3216.611143201143        ,     50.0 ,/freya/ptmp/mpa/wuze/data/240702_0.6_320/turb/Turb.cons.00030.athdf       ,1e-10
240708_0.6_160000000_bad          ,240708_0.6_160000000 ,True       ,  800.0 ,400.0                  ,        0 ,20000.0                ,     256 , 2097152 ,       32 ,  800.0 , 1600.0 ,100000000.0 ,True         ,4000000.0 ,   0.1   , 0.6 ,1000000.0 ,5000.0 ,8.438675409534824e-14 ,0.1865317171670572   ,107220.37144003808          ,0.31088619527842865 , 56568.5424949238  , 56568.5424949238  ,129803.99542357211     ,107220.37144003808          ,107.22037144003808     ,151632.50345318273         ,151632.50345318273         ,321661.11432011425         ,1079823.6315860278          ,15163.250345318273     ,321661.11432011425         ,     50.0 ,/freya/ptmp/mpa/wuze/data/240702_0.6_320/turb/Turb.cons.00030.athdf       ,1e-12
240709_0.6_16000                  ,240709_0.6_16000     ,True       ,  800.0 ,4.000000000000001e-06  ,        0 ,0.00020000000000000004 ,     256 , 2097152 ,       32 ,  800.0 , 1600.0 ,100000000.0 ,True         ,4000000.0 ,1000.0   , 0.6 ,1000000.0 ,5000.0 ,8.438675409534824e-10 ,0.1865317171670572   ,     0.001072203714400381   ,0.31088619527842865 , 56568.5424949238  , 56568.5424949238  ,1.2980399542357216e-07 ,     0.001072203714400381   ,1.072203714400381e-06  ,     0.0015163250345318275 ,     0.0015163250345318275 ,     0.003216611143201143  ,      0.010798236315860282  ,0.00015163250345318275 ,     0.003216611143201143  ,     50.0 ,/freya/ptmp/mpa/wuze/data/240709_0.6_160000000/turb/Turb.cons.00030.athdf ,1e-09
240709_0.6_1600000                ,240709_0.6_1600000   ,True       ,  800.0 ,0.0004                 ,        0 ,0.02                   ,     256 , 2097152 ,       32 ,  800.0 , 1600.0 ,100000000.0 ,True         ,4000000.0 ,1000.0   , 0.6 ,1000000.0 ,5000.0 ,8.438675409534824e-10 ,0.1865317171670572   ,     0.10722037144003808    ,0.31088619527842865 , 56568.5424949238  , 56568.5424949238  ,0.0012980399542357212  ,     0.10722037144003808    ,0.00010722037144003809 ,     0.15163250345318274   ,     0.15163250345318274   ,     0.32166111432011424   ,      1.079823631586028     ,0.015163250345318274   ,     0.32166111432011424   ,     50.0 ,/freya/ptmp/mpa/wuze/data/240709_0.6_160000000/turb/Turb.cons.00030.athdf ,1e-09
240709_0.6_160000000              ,240709_0.6_160000000 ,True       ,  800.0 ,0.04                   ,        0 ,2.0                    ,     256 , 2097152 ,       32 ,  800.0 , 1600.0 ,100000000.0 ,True         ,4000000.0 ,1000.0   , 0.6 ,1000000.0 ,5000.0 ,8.438675409534824e-10 ,0.1865317171670572   ,    10.722037144003808      ,0.31088619527842865 , 56568.5424949238  , 56568.5424949238  ,12.980399542357212     ,    10.722037144003808      ,0.010722037144003809   ,    15.163250345318273     ,    15.163250345318273     ,    32.16611143201143      ,    107.9823631586028       ,1.5163250345318273     ,    32.16611143201143      ,     50.0 ,/freya/ptmp/mpa/wuze/data/240709_0.6_160000000/turb/Turb.cons.00030.athdf ,1e-09
240710_0.6_1600000_128test_nostop ,240710_0.6_1600000   ,True       ,  800.0 ,4.0                    ,        0 ,200.0                  ,     256 , 2097152 ,       32 ,  800.0 , 1600.0 ,100000000.0 ,True         ,4000000.0 ,   0.1   , 0.6 ,1000000.0 ,5000.0 ,8.438675409534824e-14 ,0.1865317171670572   ,  1072.203714400381         ,0.31088619527842865 , 56568.5424949238  , 56568.5424949238  ,12.980399542357212     ,  1072.203714400381         ,1.0722037144003809     ,  1516.3250345318272       ,  1516.3250345318272       ,  3216.611143201143        ,  10798.236315860278        ,151.63250345318272     ,  3216.611143201143        ,     50.0 ,/freya/ptmp/mpa/wuze/data/240702_0.6_320/turb/Turb.cons.00030.athdf       ,1e-09
240710_0.6_1600000_128test        ,240710_0.6_1600000   ,True       ,  800.0 ,4.0                    ,        0 ,200.0                  ,     256 , 2097152 ,       32 ,  800.0 , 1600.0 ,100000000.0 ,True         ,4000000.0 ,   0.1   , 0.6 ,1000000.0 ,5000.0 ,8.438675409534824e-14 ,0.1865317171670572   ,  1072.203714400381         ,0.31088619527842865 , 56568.5424949238  , 56568.5424949238  ,12.980399542357212     ,  1072.203714400381         ,1.0722037144003809     ,  1516.3250345318272       ,  1516.3250345318272       ,  3216.611143201143        ,  10798.236315860278        ,151.63250345318272     ,  3216.611143201143        ,     50.0 ,/freya/ptmp/mpa/wuze/data/240702_0.6_320/turb/Turb.cons.00030.athdf       ,1e-09
240711_0.4_1600                   ,240711_0.4_1600      ,True       ,  800.0 ,0.004                  ,        0 ,0.2                    ,     256 , 2097152 ,       32 ,  800.0 , 1600.0 ,100000000.0 ,True         ,4000000.0 ,   0.1   , 0.4 ,1000000.0 ,5000.0 ,8.438675409534824e-14 ,0.12435447811137146  ,     1.6083055716005714     ,0.31088619527842865 , 56568.5424949238  , 56568.5424949238  ,3.8460443088465835e-06 ,     1.6083055716005714     ,0.0016083055716005713  ,     2.2744875517977405    ,     2.2744875517977405    ,     4.824916714801715     ,     16.19735447379042      ,0.22744875517977406    ,     4.824916714801715     ,     50.0 ,/freya/ptmp/mpa/wuze/data/240711_0.4_320/turb/Turb.cons.00030.athdf       ,1e-09
240711_0.4_16000                  ,240711_0.4_16000     ,True       ,  800.0 ,0.04                   ,        0 ,2.0                    ,     256 , 2097152 ,       32 ,  800.0 , 1600.0 ,100000000.0 ,True         ,4000000.0 ,   0.1   , 0.4 ,1000000.0 ,5000.0 ,8.438675409534824e-14 ,0.12435447811137146  ,    16.083055716005713      ,0.31088619527842865 , 56568.5424949238  , 56568.5424949238  ,0.0003846044308846583  ,    16.083055716005713      ,0.016083055716005712   ,    22.74487551797741      ,    22.74487551797741      ,    48.249167148017136     ,    161.97354473790418      ,2.274487551797741      ,    48.249167148017136     ,     50.0 ,/freya/ptmp/mpa/wuze/data/240711_0.4_320/turb/Turb.cons.00030.athdf       ,1e-09
240711_0.4_1600000                ,240711_0.4_1600000   ,True       ,  800.0 ,4.0                    ,        0 ,200.0                  ,     256 , 2097152 ,       32 ,  800.0 , 1600.0 ,100000000.0 ,True         ,4000000.0 ,   0.1   , 0.4 ,1000000.0 ,5000.0 ,8.438675409534824e-14 ,0.12435447811137146  ,  1608.3055716005713        ,0.31088619527842865 , 56568.5424949238  , 56568.5424949238  ,3.8460443088465825     ,  1608.3055716005713        ,1.6083055716005712     ,  2274.4875517977407       ,  2274.4875517977407       ,  4824.916714801714        ,  16197.35447379042         ,227.44875517977408     ,  4824.916714801714        ,     50.0 ,/freya/ptmp/mpa/wuze/data/240711_0.4_320/turb/Turb.cons.00030.athdf       ,1e-09
240711_0.4_160000000              ,240711_0.4_160000000 ,True       ,  800.0 ,400.0                  ,        0 ,20000.0                ,     256 , 2097152 ,       32 ,  800.0 , 1600.0 ,100000000.0 ,True         ,4000000.0 ,   0.1   , 0.4 ,1000000.0 ,5000.0 ,8.438675409534824e-14 ,0.12435447811137146  ,160830.55716005713          ,0.31088619527842865 , 56568.5424949238  , 56568.5424949238  ,38460.44308846583      ,160830.55716005713          ,160.83055716005714     ,227448.7551797741          ,227448.7551797741          ,482491.6714801714          ,1619735.447379042           ,22744.87551797741      ,482491.6714801714          ,     50.0 ,/freya/ptmp/mpa/wuze/data/240711_0.4_320/turb/Turb.cons.00030.athdf       ,1e-09
240711_0.4_320                    ,240711_0.4_320       ,True       ,  800.0 ,0.0008                 ,        0 ,0.04                   ,     256 , 2097152 ,       32 ,  800.0 , 1600.0 ,100000000.0 ,True         ,4000000.0 ,   0.1   , 0.4 ,1000000.0 ,5000.0 ,8.438675409534824e-14 ,0.12435447811137146  ,     0.32166111432011424    ,0.31088619527842865 , 56568.5424949238  , 56568.5424949238  ,1.5384177235386332e-07 ,     0.32166111432011424    ,0.00032166111432011424 ,     0.45489751035954823   ,     0.45489751035954823   ,     0.9649833429603427    ,      3.2394708947580835    ,0.045489751035954824   ,     0.9649833429603427    ,     50.0 ,/freya/ptmp/mpa/wuze/data/240702_0.4_320/turb/Turb.cons.00030.athdf       ,1e-09
240711_0.8_1600                   ,240711_0.8_1600      ,True       ,  800.0 ,0.004                  ,        0 ,0.2                    ,     256 , 2097152 ,       32 ,  800.0 , 1600.0 ,100000000.0 ,True         ,4000000.0 ,   0.1   , 0.8 ,1000000.0 ,5000.0 ,8.438675409534824e-14 ,0.24870895622274292  ,     0.8041527858002857     ,0.31088619527842865 , 56568.5424949238  , 56568.5424949238  ,3.076835447077267e-05  ,     0.8041527858002857     ,0.0008041527858002857  ,     1.1372437758988703    ,     1.1372437758988703    ,     2.4124583574008573    ,      8.09867723689521      ,0.11372437758988703    ,     2.4124583574008573    ,     50.0 ,/freya/ptmp/mpa/wuze/data/240711_0.8_320/turb/Turb.cons.00030.athdf       ,1e-09
240711_0.8_16000                  ,240711_0.8_16000     ,True       ,  800.0 ,0.04                   ,        0 ,2.0                    ,     256 , 2097152 ,       32 ,  800.0 , 1600.0 ,100000000.0 ,True         ,4000000.0 ,   0.1   , 0.8 ,1000000.0 ,5000.0 ,8.438675409534824e-14 ,0.24870895622274292  ,     8.041527858002857      ,0.31088619527842865 , 56568.5424949238  , 56568.5424949238  ,0.0030768354470772663  ,     8.041527858002857      ,0.008041527858002856   ,    11.372437758988704     ,    11.372437758988704     ,    24.124583574008568     ,     80.98677236895209      ,1.1372437758988705     ,    24.124583574008568     ,     50.0 ,/freya/ptmp/mpa/wuze/data/240711_0.8_320/turb/Turb.cons.00030.athdf       ,1e-09
240711_0.8_1600000                ,240711_0.8_1600000   ,True       ,  800.0 ,4.0                    ,        0 ,200.0                  ,     256 , 2097152 ,       32 ,  800.0 , 1600.0 ,100000000.0 ,True         ,4000000.0 ,   0.1   , 0.8 ,1000000.0 ,5000.0 ,8.438675409534824e-14 ,0.24870895622274292  ,   804.1527858002856        ,0.31088619527842865 , 56568.5424949238  , 56568.5424949238  ,30.76835447077266      ,   804.1527858002856        ,0.8041527858002856     ,  1137.2437758988704       ,  1137.2437758988704       ,  2412.458357400857        ,   8098.67723689521         ,113.72437758988704     ,  2412.458357400857        ,     50.0 ,/freya/ptmp/mpa/wuze/data/240711_0.8_320/turb/Turb.cons.00030.athdf       ,1e-09
240711_0.8_160000000              ,240711_0.8_160000000 ,True       ,  800.0 ,400.0                  ,        0 ,20000.0                ,     256 , 2097152 ,       32 ,  800.0 , 1600.0 ,100000000.0 ,True         ,4000000.0 ,   0.1   , 0.8 ,1000000.0 ,5000.0 ,8.438675409534824e-14 ,0.24870895622274292  , 80415.27858002856          ,0.31088619527842865 , 56568.5424949238  , 56568.5424949238  ,307683.5447077266      , 80415.27858002856          ,80.41527858002857      ,113724.37758988705         ,113724.37758988705         ,241245.8357400857          , 809867.723689521           ,11372.437758988704     ,241245.8357400857          ,     50.0 ,/freya/ptmp/mpa/wuze/data/240711_0.8_320/turb/Turb.cons.00030.athdf       ,1e-09
240711_0.8_320                    ,240711_0.8_320       ,True       ,  800.0 ,0.0008                 ,        0 ,0.04                   ,     256 , 2097152 ,       32 ,  800.0 , 1600.0 ,100000000.0 ,True         ,4000000.0 ,   0.1   , 0.8 ,1000000.0 ,5000.0 ,8.438675409534824e-14 ,0.24870895622274292  ,     0.16083055716005712    ,0.31088619527842865 , 56568.5424949238  , 56568.5424949238  ,1.2307341788309065e-06 ,     0.16083055716005712    ,0.00016083055716005712 ,     0.22744875517977411   ,     0.22744875517977411   ,     0.48249167148017136   ,      1.6197354473790417    ,0.022744875517977412   ,     0.48249167148017136   ,     50.0 ,/freya/ptmp/mpa/wuze/data/240711_0.8_320/turb/Turb.cons.00030.athdf       ,1e-09
240715_0.4_16                     ,240715_0.4_16        ,True       ,  800.0 ,4e-05                  ,        0 ,0.002                  ,     256 , 2097152 ,       32 ,  800.0 , 1600.0 ,100000000.0 ,True         ,4000000.0 ,   0.1   , 0.4 ,1000000.0 ,5000.0 ,8.438675409534824e-14 ,0.12435447811137146  ,     0.016083055716005712   ,0.31088619527842865 , 56568.5424949238  , 56568.5424949238  ,3.8460443088465827e-10 ,     0.016083055716005712   ,1.608305571600571e-05  ,     0.022744875517977412  ,     0.022744875517977412  ,     0.048249167148017136  ,      0.1619735447379042    ,0.002274487551797741   ,     0.048249167148017136  ,     50.0 ,/freya/ptmp/mpa/wuze/data/240711_0.4_320/turb/Turb.cons.00030.athdf       ,1e-09
240715_0.4_160000                 ,240715_0.4_160000    ,True       ,  800.0 ,0.4                    ,        0 ,20.0                   ,     256 , 2097152 ,       32 ,  800.0 , 1600.0 ,100000000.0 ,True         ,4000000.0 ,   0.1   , 0.4 ,1000000.0 ,5000.0 ,8.438675409534824e-14 ,0.12435447811137146  ,   160.83055716005714       ,0.31088619527842865 , 56568.5424949238  , 56568.5424949238  ,0.03846044308846582    ,   160.83055716005714       ,0.16083055716005715    ,   227.44875517977408      ,   227.44875517977408      ,   482.4916714801714       ,   1619.7354473790417       ,22.74487551797741      ,   482.4916714801714       ,     50.0 ,/freya/ptmp/mpa/wuze/data/240711_0.4_320/turb/Turb.cons.00030.athdf       ,1e-09
240715_0.6_16                     ,240715_0.6_16        ,True       ,  800.0 ,4e-05                  ,        0 ,0.002                  ,     256 , 2097152 ,       32 ,  800.0 , 1600.0 ,100000000.0 ,True         ,4000000.0 ,   0.1   , 0.6 ,1000000.0 ,5000.0 ,8.438675409534824e-14 ,0.1865317171670572   ,     0.010722037144003809   ,0.31088619527842865 , 56568.5424949238  , 56568.5424949238  ,1.2980399542357212e-09 ,     0.010722037144003809   ,1.0722037144003808e-05 ,     0.015163250345318274  ,     0.015163250345318274  ,     0.032166111432011424  ,      0.1079823631586028    ,0.0015163250345318273  ,     0.032166111432011424  ,     50.0 ,/freya/ptmp/mpa/wuze/data/240702_0.6_320/turb/Turb.cons.00030.athdf       ,1e-09
240715_0.6_160000                 ,240715_0.6_160000    ,True       ,  800.0 ,0.4                    ,        0 ,20.0                   ,     256 , 2097152 ,       32 ,  800.0 , 1600.0 ,100000000.0 ,True         ,4000000.0 ,   0.1   , 0.6 ,1000000.0 ,5000.0 ,8.438675409534824e-14 ,0.1865317171670572   ,   107.22037144003808       ,0.31088619527842865 , 56568.5424949238  , 56568.5424949238  ,0.1298039954235721     ,   107.22037144003808       ,0.10722037144003808    ,   151.63250345318272      ,   151.63250345318272      ,   321.6611143201142       ,   1079.823631586028        ,15.163250345318271     ,   321.6611143201142       ,     50.0 ,/freya/ptmp/mpa/wuze/data/240702_0.6_320/turb/Turb.cons.00030.athdf       ,1e-09
240715_0.8_16                     ,240715_0.8_16        ,True       ,  800.0 ,4e-05                  ,        0 ,0.002                  ,     256 , 2097152 ,       32 ,  800.0 , 1600.0 ,100000000.0 ,True         ,4000000.0 ,   0.1   , 0.8 ,1000000.0 ,5000.0 ,8.438675409534824e-14 ,0.24870895622274292  ,     0.008041527858002856   ,0.31088619527842865 , 56568.5424949238  , 56568.5424949238  ,3.076835447077266e-09  ,     0.008041527858002856   ,8.041527858002855e-06  ,     0.011372437758988706  ,     0.011372437758988706  ,     0.024124583574008568  ,      0.0809867723689521    ,0.0011372437758988706  ,     0.024124583574008568  ,     50.0 ,/freya/ptmp/mpa/wuze/data/240711_0.8_320/turb/Turb.cons.00030.athdf       ,1e-09
240715_0.8_160000                 ,240715_0.8_160000    ,True       ,  800.0 ,0.4                    ,        0 ,20.0                   ,     256 , 2097152 ,       32 ,  800.0 , 1600.0 ,100000000.0 ,True         ,4000000.0 ,   0.1   , 0.8 ,1000000.0 ,5000.0 ,8.438675409534824e-14 ,0.24870895622274292  ,    80.41527858002857       ,0.31088619527842865 , 56568.5424949238  , 56568.5424949238  ,0.3076835447077266     ,    80.41527858002857       ,0.08041527858002857    ,   113.72437758988704      ,   113.72437758988704      ,   241.2458357400857       ,    809.8677236895209       ,11.372437758988704     ,   241.2458357400857       ,     50.0 ,/freya/ptmp/mpa/wuze/data/240711_0.8_320/turb/Turb.cons.00030.athdf       ,1e-09
240716_0.4_32000                  ,240716_0.4_32000     ,True       ,  800.0 ,0.08                   ,        0 ,4.0                    ,     256 , 2097152 ,       32 ,  800.0 , 1600.0 ,100000000.0 ,True         ,4000000.0 ,   0.1   , 0.4 ,1000000.0 ,5000.0 ,8.438675409534824e-14 ,0.12435447811137146  ,    32.16611143201143       ,0.31088619527842865 , 56568.5424949238  , 56568.5424949238  ,0.0015384177235386331  ,    32.16611143201143       ,0.032166111432011424   ,    45.48975103595482      ,    45.48975103595482      ,    96.49833429603427      ,    323.94708947580835      ,4.548975103595482      ,    96.49833429603427      ,     50.0 ,/freya/ptmp/mpa/wuze/data/240711_0.4_320/turb/Turb.cons.00030.athdf       ,1e-09
240716_0.4_4000                   ,240716_0.4_4000      ,True       ,  800.0 ,0.01                   ,        0 ,0.5                    ,     256 , 2097152 ,       32 ,  800.0 , 1600.0 ,100000000.0 ,True         ,4000000.0 ,   0.1   , 0.4 ,1000000.0 ,5000.0 ,8.438675409534824e-14 ,0.12435447811137146  ,     4.020763929001428      ,0.31088619527842865 , 56568.5424949238  , 56568.5424949238  ,2.4037776930291143e-05 ,     4.020763929001428      ,0.004020763929001428   ,     5.686218879494352     ,     5.686218879494352     ,    12.062291787004284     ,     40.493386184476044     ,0.5686218879494352     ,    12.062291787004284     ,     50.0 ,/freya/ptmp/mpa/wuze/data/240711_0.4_320/turb/Turb.cons.00030.athdf       ,1e-09
240716_0.4_64000                  ,240716_0.4_64000     ,True       ,  800.0 ,0.16                   ,        0 ,8.0                    ,     256 , 2097152 ,       32 ,  800.0 , 1600.0 ,100000000.0 ,True         ,4000000.0 ,   0.1   , 0.4 ,1000000.0 ,5000.0 ,8.438675409534824e-14 ,0.12435447811137146  ,    64.33222286402285       ,0.31088619527842865 , 56568.5424949238  , 56568.5424949238  ,0.0061536708941545325  ,    64.33222286402285       ,0.06433222286402285    ,    90.97950207190964      ,    90.97950207190964      ,   192.99666859206854      ,    647.8941789516167       ,9.097950207190964      ,   192.99666859206854      ,     50.0 ,/freya/ptmp/mpa/wuze/data/240711_0.4_320/turb/Turb.cons.00030.athdf       ,1e-09
240716_0.4_8000                   ,240716_0.4_8000      ,True       ,  800.0 ,0.02                   ,        0 ,1.0                    ,     256 , 2097152 ,       32 ,  800.0 , 1600.0 ,100000000.0 ,True         ,4000000.0 ,   0.1   , 0.4 ,1000000.0 ,5000.0 ,8.438675409534824e-14 ,0.12435447811137146  ,     8.041527858002857      ,0.31088619527842865 , 56568.5424949238  , 56568.5424949238  ,9.615110772116457e-05  ,     8.041527858002857      ,0.008041527858002856   ,    11.372437758988704     ,    11.372437758988704     ,    24.124583574008568     ,     80.98677236895209      ,1.1372437758988705     ,    24.124583574008568     ,     50.0 ,/freya/ptmp/mpa/wuze/data/240711_0.4_320/turb/Turb.cons.00030.athdf       ,1e-09
240716_0.6_3.2                    ,240716_0.6_32000     ,True       ,  800.0 ,8.000000000000001e-06  ,        0 ,0.0004000000000000001  ,     256 , 2097152 ,       32 ,  800.0 , 1600.0 ,100000000.0 ,True         ,4000000.0 ,1000.0   , 0.6 ,1000000.0 ,5000.0 ,8.438675409534824e-10 ,0.1865317171670572   ,     0.002144407428800762   ,0.31088619527842865 , 56568.5424949238  , 56568.5424949238  ,5.192159816942887e-07  ,     0.002144407428800762   ,2.144407428800762e-06  ,     0.003032650069063655  ,     0.003032650069063655  ,     0.006433222286402286  ,      0.021596472631720563  ,0.0003032650069063655  ,     0.006433222286402286  ,     50.0 ,/freya/ptmp/mpa/wuze/data/240702_0.6_320/turb/Turb.cons.00030.athdf       ,1e-09
240716_0.6_0.4                    ,240716_0.6_4000      ,True       ,  800.0 ,1.0000000000000002e-06 ,        0 ,5.000000000000001e-05  ,     256 , 2097152 ,       32 ,  800.0 , 1600.0 ,100000000.0 ,True         ,4000000.0 ,1000.0   , 0.6 ,1000000.0 ,5000.0 ,8.438675409534824e-10 ,0.1865317171670572   ,     0.00026805092860009524 ,0.31088619527842865 , 56568.5424949238  , 56568.5424949238  ,8.11274971397326e-09   ,     0.00026805092860009524 ,2.6805092860009526e-07 ,     0.0003790812586329569 ,     0.0003790812586329569 ,     0.0008041527858002858 ,      0.0026995590789650704 ,3.790812586329569e-05  ,     0.0008041527858002858 ,     50.0 ,/freya/ptmp/mpa/wuze/data/240702_0.6_320/turb/Turb.cons.00030.athdf       ,1e-09
240716_0.6_6.4                    ,240716_0.6_64000     ,True       ,  800.0 ,1.6000000000000003e-05 ,        0 ,0.0008000000000000001  ,     256 , 2097152 ,       32 ,  800.0 , 1600.0 ,100000000.0 ,True         ,4000000.0 ,1000.0   , 0.6 ,1000000.0 ,5000.0 ,8.438675409534824e-10 ,0.1865317171670572   ,     0.004288814857601524   ,0.31088619527842865 , 56568.5424949238  , 56568.5424949238  ,2.0768639267771546e-06 ,     0.004288814857601524   ,4.288814857601524e-06  ,     0.00606530013812731   ,     0.00606530013812731   ,     0.012866444572804572  ,      0.043192945263441127  ,0.000606530013812731   ,     0.012866444572804572  ,     50.0 ,/freya/ptmp/mpa/wuze/data/240702_0.6_320/turb/Turb.cons.00030.athdf       ,1e-09
240716_0.6_0.8                    ,240716_0.6_8000      ,True       ,  800.0 ,2.0000000000000003e-06 ,        0 ,0.00010000000000000002 ,     256 , 2097152 ,       32 ,  800.0 , 1600.0 ,100000000.0 ,True         ,4000000.0 ,1000.0   , 0.6 ,1000000.0 ,5000.0 ,8.438675409534824e-10 ,0.1865317171670572   ,     0.0005361018572001905  ,0.31088619527842865 , 56568.5424949238  , 56568.5424949238  ,3.245099885589304e-08  ,     0.0005361018572001905  ,5.361018572001905e-07  ,     0.0007581625172659137 ,     0.0007581625172659137 ,     0.0016083055716005715 ,      0.005399118157930141  ,7.581625172659137e-05  ,     0.0016083055716005715 ,     50.0 ,/freya/ptmp/mpa/wuze/data/240702_0.6_320/turb/Turb.cons.00030.athdf       ,1e-09
240716_0.8_32000                  ,240716_0.8_32000     ,True       ,  800.0 ,0.08                   ,        0 ,4.0                    ,     256 , 2097152 ,       32 ,  800.0 , 1600.0 ,100000000.0 ,True         ,4000000.0 ,   0.1   , 0.8 ,1000000.0 ,5000.0 ,8.438675409534824e-14 ,0.24870895622274292  ,    16.083055716005713      ,0.31088619527842865 , 56568.5424949238  , 56568.5424949238  ,0.012307341788309065   ,    16.083055716005713      ,0.016083055716005712   ,    22.74487551797741      ,    22.74487551797741      ,    48.249167148017136     ,    161.97354473790418      ,2.274487551797741      ,    48.249167148017136     ,     50.0 ,/freya/ptmp/mpa/wuze/data/240711_0.8_320/turb/Turb.cons.00030.athdf       ,1e-09
240716_0.8_4000                   ,240716_0.8_4000      ,True       ,  800.0 ,0.01                   ,        0 ,0.5                    ,     256 , 2097152 ,       32 ,  800.0 , 1600.0 ,100000000.0 ,True         ,4000000.0 ,   0.1   , 0.8 ,1000000.0 ,5000.0 ,8.438675409534824e-14 ,0.24870895622274292  ,     2.010381964500714      ,0.31088619527842865 , 56568.5424949238  , 56568.5424949238  ,0.00019230221544232914 ,     2.010381964500714      ,0.002010381964500714   ,     2.843109439747176     ,     2.843109439747176     ,     6.031145893502142     ,     20.246693092238022     ,0.2843109439747176     ,     6.031145893502142     ,     50.0 ,/freya/ptmp/mpa/wuze/data/240711_0.8_320/turb/Turb.cons.00030.athdf       ,1e-09
240716_0.8_64000                  ,240716_0.8_64000     ,True       ,  800.0 ,0.16                   ,        0 ,8.0                    ,     256 , 2097152 ,       32 ,  800.0 , 1600.0 ,100000000.0 ,True         ,4000000.0 ,   0.1   , 0.8 ,1000000.0 ,5000.0 ,8.438675409534824e-14 ,0.24870895622274292  ,    32.16611143201143       ,0.31088619527842865 , 56568.5424949238  , 56568.5424949238  ,0.04922936715323626    ,    32.16611143201143       ,0.032166111432011424   ,    45.48975103595482      ,    45.48975103595482      ,    96.49833429603427      ,    323.94708947580835      ,4.548975103595482      ,    96.49833429603427      ,     50.0 ,/freya/ptmp/mpa/wuze/data/240711_0.8_320/turb/Turb.cons.00030.athdf       ,1e-09
240716_0.8_8000                   ,240716_0.8_8000      ,True       ,  800.0 ,0.02                   ,        0 ,1.0                    ,     256 , 2097152 ,       32 ,  800.0 , 1600.0 ,100000000.0 ,True         ,4000000.0 ,   0.1   , 0.8 ,1000000.0 ,5000.0 ,8.438675409534824e-14 ,0.24870895622274292  ,     4.020763929001428      ,0.31088619527842865 , 56568.5424949238  , 56568.5424949238  ,0.0007692088617693166  ,     4.020763929001428      ,0.004020763929001428   ,     5.686218879494352     ,     5.686218879494352     ,    12.062291787004284     ,     40.493386184476044     ,0.5686218879494352     ,    12.062291787004284     ,     50.0 ,/freya/ptmp/mpa/wuze/data/240711_0.8_320/turb/Turb.cons.00030.athdf       ,1e-09
